,normal_week_mean,stress_week_mean,stress_vs_normal_pct
revenue_usd,6356034.258333333,5994315.2205,-5.690954817606386
procurement_cost_usd,2198652.071014493,2306884.84,4.922687423461536
logistics_cost_usd,141604.02630434782,148990.6865,5.21641960926742
operational_cost_usd,151958.23876811593,170054.484,11.908696348803073
sla_penalty_usd,241833.82217391304,260115.74599999998,7.559705115581239
transactions,313.1159420289855,325.1,3.827354778986347
avg_dso,58.010676623025,57.93777400873394,-0.12567102908453975
avg_dpo,67.89687540721785,68.17944649296706,0.4161768624173945
avg_cash_conversion_cycle,35.158268147646744,34.92036286302651,-0.6766695208681894
