week_start,cash_flow_usd,revenue_usd,procurement_cost_usd,logistics_cost_usd,operational_cost_usd,sla_penalty_usd,transactions,avg_dso,avg_dpo,avg_cash_conversion_cycle,rolling_mean_13w,rolling_std_13w,ci95_lower_mean,ci95_upper_mean,pi95_lower,pi95_upper,forecast_mean,forecast_std,forecast_lower,forecast_upper,trailing_stress_threshold,stress_eligible,stress,stress_reason,iso_week,month
2020-12-28,-42234673.45,3375753.68,704522.23,89429.95,49782.020000000004,141044.64,143,57.812727272727265,67.50755244755244,34.851748251748255,,,,,,,,,,,,False,False,insufficient-history,53,12
2021-01-04,-100433944.92,5783960.85,2379382.24,92470.25,118697.68000000001,260684.75,333,58.01855855855856,68.44624624624625,35.95012012012012,,,,,,,,,,,,False,False,insufficient-history,1,1
2021-01-11,-70833599.77,6504290.95,1158727.25,83511.54,143124.28,334612.69,288,57.79302083333333,68.19013888888888,34.892743055555556,,,,,,,,,,,,False,False,insufficient-history,2,1
2021-01-18,-94657484.04,7122501.5,3678435.9,137828.5,118452.15000000001,131639.92,328,59.409207317073175,68.51033536585366,35.47887195121951,,,,,,,,,,,,False,False,insufficient-history,3,1
2021-01-25,-73740239.29,7151075.52,2477488.91,109990.97,170834.21,215392.26,295,59.08691525423728,67.42240677966102,36.182,,,,,,,,,,,,False,False,insufficient-history,4,1
2021-02-01,-85963865.23,10009150.94,2887265.21,106070.38,198366.87,286815.9,332,57.15006024096385,68.29825301204819,34.06210843373494,,,,,,,,,,,,False,False,insufficient-history,5,2
2021-02-08,-84605645.59,3851599.28,2113841.75,251401.33000000002,160943.11,392704.77999999997,322,58.541428571428575,67.9048447204969,35.3844099378882,,,,,,,,,,,,False,False,insufficient-history,6,2
2021-02-15,-91695780.64999999,5513008.18,2529656.75,147268.5,168678.33,257242.47,320,57.846218750000006,67.95265624999999,34.842406249999996,,,,,,,,,,,,False,False,insufficient-history,7,2
2021-02-22,-89230608.16,6528310.07,2405855.81,185731.21,122260.35,288391.52,332,58.43725903614458,67.08746987951808,35.750090361445785,,,,,,,,,,,,False,False,insufficient-history,8,2
2021-03-01,-91605723.95,5812925.92,2591033.9299999997,95821.0,97926.54,106022.67,304,57.98542763157894,67.49592105263157,35.86095394736842,,,,,,,,,,,,False,False,insufficient-history,9,3
2021-03-08,-56720510.28,5302832.34,2283188.82,177144.03,116559.5,161212.19,329,58.00127659574468,67.02209726443769,35.75626139817629,,,,,,,,,,,,False,False,insufficient-history,10,3
2021-03-15,-88708433.34,5456498.73,2872884.15,157434.79,142722.73,288723.85,326,56.74184049079755,68.4777300613497,33.43699386503067,,,,,,,,,,,,False,False,insufficient-history,11,3
2021-03-22,-76822129.69,10091816.67,1596414.56,169745.19,177759.32,317644.78,347,57.8564553314121,68.67766570605188,34.38945244956772,-80557895.25846153,16378612.401404921,-90455391.67603032,-70660398.84089275,-117590935.8398264,-43524854.677096665,,,,,,False,False,insufficient-history,12,3
2021-03-29,-96173900.6,5773925.9799999995,3663065.75,219202.53,287135.27,381797.0,332,58.67722891566265,67.21192771084337,36.022831325301205,-84707066.5776923,12146654.303139135,-92047216.3110393,-77366916.8443453,-112171392.04749686,-57242741.10788775,-80557895.25846153,16378612.401404921,-117590935.8398264,-43524854.677096665,,False,False,insufficient-history,13,3
2021-04-05,-82917118.53,3568099.2600000002,2055389.76,187295.4,217047.09,256518.89,302,56.9973178807947,68.74854304635763,32.84897350993377,-83359618.39384614,11190623.771835953,-90122044.65912645,-76597192.12856583,-108662300.58184633,-58056936.20584595,-84707066.5776923,12146654.303139135,-112171392.04749686,-57242741.10788775,,False,False,insufficient-history,14,4
2021-04-12,-87604480.39,4854882.75,2170910.22,246569.44,106172.54,191992.56,314,58.70904458598726,67.71484076433121,36.23563694267516,-84649686.13384615,10576084.907215413,-91040750.2799205,-78258621.9877718,-108562858.50535136,-60736513.76234093,-83359618.39384614,11190623.771835953,-108662300.58184633,-58056936.20584595,,False,False,insufficient-history,15,4
2021-04-19,-59617566.46,4530395.66,1750723.69,111266.72,171854.19,372566.59,303,58.81960396039604,69.1926402640264,35.35633663366336,-81954307.85846154,12159523.110832702,-89302234.1344682,-74606381.58245489,-109447730.48655215,-54460885.23037094,-84649686.13384615,10576084.907215413,-108562858.50535136,-60736513.76234093,,False,False,insufficient-history,16,4
2021-04-26,-58385105.46,5316868.14,2410159.71,148876.44999999998,162865.16,272907.7,324,56.485308641975315,68.44046296296295,32.68533950617284,-80773143.7176923,13675243.669949858,-89037010.76061095,-72509276.67477365,-111693702.88214663,-49852584.553237975,-81954307.85846154,12159523.110832702,-109447730.48655215,-54460885.23037094,,False,False,insufficient-history,17,4
2021-05-03,-102902770.37,6700780.37,1561600.95,134823.52,253988.51,454506.75,334,57.36844311377246,67.80649700598802,34.515808383233534,-82076136.42076923,14957865.794030424,-91115084.25606887,-73037188.58546959,-115896782.35738245,-48255490.48415601,-80773143.7176923,13675243.669949858,-111693702.88214663,-49852584.553237975,,False,False,insufficient-history,18,5
2021-05-10,-76558825.34,6522705.81,1822681.79,133327.37,86504.65,193716.12,332,57.19072289156627,68.19111445783133,33.59009036144578,-81457150.24769232,15010869.461270044,-90528127.87854272,-72386172.61684191,-115397640.7054249,-47516659.789959736,-82076136.42076923,14957865.794030424,-115896782.35738245,-48255490.48415601,,False,False,insufficient-history,19,5
2021-05-17,-106212109.5,4888236.84,3027333.29,115323.7,221025.65,230068.19,327,58.14177370030581,67.5588379204893,35.47724770642202,-82573790.92846154,16318913.759649407,-92435211.8178703,-72712370.03905277,-119471849.24340469,-45675732.61351838,-81457150.24769232,15010869.461270044,-115397640.7054249,-47516659.789959736,,False,False,insufficient-history,20,5
2021-05-24,-62991931.53,5515465.71,1760519.6,121002.39,174167.74,222804.3,326,56.5701226993865,68.25886503067484,33.83168711656442,-80555431.18769231,17033937.372258876,-90848936.52179264,-70261925.853592,-119070201.45682576,-42040660.91855887,-82573790.92846154,16318913.759649407,-119471849.24340469,-45675732.61351838,,False,False,insufficient-history,21,5
2021-05-31,-73173069.96000001,5416794.5200000005,3684060.79,172334.12,184079.1,298775.97,318,58.430723270440254,68.66081761006289,34.70512578616352,-79137534.72692308,16803062.62047902,-89291523.84483576,-68983545.6090104,-117130283.11518323,-41144786.338662915,-80555431.18769231,17033937.372258876,-119070201.45682576,-42040660.91855887,,False,False,insufficient-history,22,5
2021-06-07,-91732713.22,4304701.36,2899728.07,145123.52000000002,132882.54,264504.27,305,58.90862295081968,66.77268852459015,36.468360655737705,-81830781.10692307,15678897.730515081,-91305444.18069416,-72356118.03315198,-117281724.18409295,-46379838.02975319,-79137534.72692308,16803062.62047902,-117130283.11518323,-41144786.338662915,,False,False,insufficient-history,23,6
2021-06-14,-86289736.37,4827206.75,1591420.43,122003.26,178900.01,310713.43,299,59.6428093645485,67.83344481605351,37.71933110367893,-81644727.49384615,15604657.913093818,-91074527.89494632,-72214927.09274597,-116927809.8204265,-46361645.167265795,-81830781.10692307,15678897.730515081,-117281724.18409295,-46379838.02975319,,False,False,insufficient-history,24,6
2021-06-21,-64148923.13,6281367.39,3301204.68,129016.58,70478.27,233189.44,289,59.23602076124567,69.33429065743945,34.18671280276816,-80669865.45076923,16310924.957772622,-90526458.75551952,-70813272.14601894,-117549860.59791473,-43789870.303623736,-81644727.49384615,15604657.913093818,-116927809.8204265,-46361645.167265795,,False,False,insufficient-history,25,6
2021-06-28,-86640782.41,9162270.59,1987348.53,135374.71,217847.16,257534.71,341,58.62586510263929,67.68727272727273,34.68181818181818,-79936548.66692308,15760819.626506865,-89460716.6469846,-70412380.68686154,-115572722.14239615,-44300375.19144999,-80669865.45076923,16310924.957772622,-117549860.59791473,-43789870.303623736,,False,False,insufficient-history,26,6
2021-07-05,-91940790.72,7670509.71,2081085.6500000001,104003.34,161348.18,366986.15,342,58.84742690058479,67.4877485380117,37.10909356725146,-80630677.29692307,16098125.317711098,-90358677.0661802,-70902677.52766594,-117029519.4920992,-44231835.10174695,-79936548.66692308,15760819.626506865,-115572722.14239615,-44300375.19144999,,False,False,insufficient-history,27,7
2021-07-12,-78311774.0,8580304.38,2560986.37,157262.44,73555.65,326077.89,326,57.09990797546012,67.49361963190184,34.55984662576687,-79915853.72846153,15968449.106268583,-89565490.9474158,-70266216.50950727,-116021490.1084505,-43810217.348472565,-80630677.29692307,16098125.317711098,-117029519.4920992,-44231835.10174695,,False,False,insufficient-history,28,7
2021-07-19,-91845423.64999999,4022360.4499999997,2470472.31,135372.09,79508.88,305818.85,295,57.95986440677966,67.59833898305084,34.60477966101695,-82394919.66615385,15028571.65476598,-91476594.62547232,-73313244.70683537,-116375435.86196774,-48414403.47033995,-79915853.72846153,15968449.106268583,-116021490.1084505,-43810217.348472565,,False,False,insufficient-history,29,7
2021-07-26,-80908597.48,9186941.51,1535892.08,127563.39,188532.53,120716.28,313,58.4785303514377,68.05319488817892,35.7544089456869,-84127495.97538462,13219335.26613338,-92115860.32717629,-76139131.62359296,-114017218.46050751,-54237773.49026173,-82394919.66615385,15028571.65476598,-116375435.86196774,-48414403.47033995,,False,False,insufficient-history,30,7
2021-08-02,-75844108.58,6140373.779999999,2120793.34,121238.83,176598.5,209109.36,302,59.225264900662246,67.40920529801325,36.362483443708605,-82046060.45307693,12099561.344853071,-89357752.19654627,-74734368.70960759,-109403905.87484306,-54688215.031310804,-84127495.97538462,13219335.26613338,-114017218.46050751,-54237773.49026173,,False,False,insufficient-history,31,8
2021-08-09,-95546685.54,4917049.07,2767153.79,178902.73,133386.84,132492.68,297,57.118114478114485,68.29124579124579,33.96138047138047,-83506665.08384617,12520702.81862972,-91072850.07288718,-75940480.09480515,-111816737.03778963,-55196593.129902706,-82046060.45307693,12099561.344853071,-109403905.87484306,-54688215.031310804,,False,False,insufficient-history,32,8
2021-08-16,-82810824.52,7839769.38,3793716.5300000003,159315.34,181064.57,36999.34,327,57.496880733944955,67.26712538226299,35.358165137614684,-81706566.23923077,10504119.631401507,-88054142.20437129,-75358990.27409025,-105457020.73730753,-57956111.741154,-83506665.08384617,12520702.81862972,-111816737.03778963,-55196593.129902706,,False,False,insufficient-history,33,8
2021-08-23,-101060613.41,9211365.979999999,2316325.26,150721.49,196731.06,173531.77000000002,357,58.3012324929972,67.0449299719888,36.62672268907563,-84634926.38384615,10152590.513355518,-90770075.42897281,-78499777.33871949,-107590552.12750341,-61679300.64018889,-81706566.23923077,10504119.631401507,-105457020.73730753,-57956111.741154,,False,False,insufficient-history,34,8
2021-08-30,-59070417.32,4998485.03,3189832.94,147397.34,148484.35,117022.44,289,56.40418685121107,68.22678200692042,33.501695501730104,-83550106.94999999,12054640.423658682,-90834653.25246988,-76265560.6475301,-110806383.43193325,-56293830.46806672,-84634926.38384615,10152590.513355518,-107590552.12750341,-61679300.64018889,,False,False,insufficient-history,35,8
2021-09-06,-74895985.83,7535286.97,1734462.01,145508.8,184085.83,239162.7,314,58.537229299363055,69.34165605095541,34.70512738853503,-82254974.07384616,12006613.58288502,-89510498.0468992,-74999450.10079312,-109402658.94253547,-55107289.20515685,-83550106.94999999,12054640.423658682,-110806383.43193325,-56293830.46806672,,False,False,insufficient-history,36,9
2021-09-13,-76630871.83,5006581.05,1795002.01,110315.24,118871.84,322439.95,317,57.62570977917981,67.51873817034699,34.307886435331234,-81511984.49384615,12034949.17694416,-88784631.49501762,-74239337.49267468,-108723737.86717871,-54300231.12051359,-82254974.07384616,12006613.58288502,-109402658.94253547,-55107289.20515685,,False,False,insufficient-history,37,9
2021-09-20,-94562543.68,5827774.18,3322205.33,135405.48,147138.32,130041.7,305,58.16685245901639,68.44878688524591,35.06222950819672,-83851493.76692308,11312855.033624353,-90687783.64445676,-77015203.88938941,-109430548.2853249,-58272439.24852127,-81511984.49384615,12034949.17694416,-108723737.86717871,-54300231.12051359,,False,False,insufficient-history,38,9
2021-09-27,-78652206.31,9546437.98,2531768.36,69927.18,243299.43,134772.13,308,58.28350649350649,68.20048701298701,35.66194805194805,-83236987.91307694,11365560.919907607,-90105127.6389304,-76368848.18722348,-108935213.6517121,-57538762.17444177,-83851493.76692308,11312855.033624353,-109430548.2853249,-58272439.24852127,,False,False,insufficient-history,39,9
2021-10-04,-64338564.05,5040301.23,1890042.8,211773.1,58754.31,221073.75,318,57.492106918238996,67.15342767295597,35.061006289308175,-81113739.70769231,12154901.491629442,-88458873.16716562,-73768606.248219,-108596712.57317108,-53630766.84221354,-83236987.91307694,11365560.919907607,-108935213.6517121,-57538762.17444177,,False,False,insufficient-history,40,10
2021-10-11,-78198540.3,6092581.72,1997014.12,356772.58,136745.38,187733.42,316,57.908481012658235,67.49174050632911,35.845506329113924,-81105029.42307693,12157117.094924131,-88451501.75822142,-73758557.08793244,-108593011.90260074,-53617046.94355311,-81113739.70769231,12154901.491629442,-108596712.57317108,-53630766.84221354,,False,False,insufficient-history,41,10
2021-10-18,-92740765.84,11208840.44,2772788.98,155942.03,110026.28,301246.34,313,57.39961661341854,67.68619808306708,35.03217252396166,-81173901.89923078,12225378.597058918,-88561624.24727497,-73786179.55118659,-108816227.79422523,-53531576.004236326,-81105029.42307693,12157117.094924131,-108593011.90260074,-53617046.94355311,,False,False,insufficient-history,42,10
2021-10-25,-83568903.95,3712432.93,2197432.64,57953.71,186326.47,248907.78999999998,306,56.7845751633987,69.07751633986929,33.480228758169936,-81378540.85846153,12242820.440766448,-88776803.20717123,-73980278.50975183,-109060303.82480271,-53696777.89212035,-81173901.89923078,12225378.597058918,-108816227.79422523,-53531576.004236326,,False,False,insufficient-history,43,10
2021-11-01,-105003356.79,5283254.56,2433098.65,137534.62,107445.37999999999,331192.82,336,57.74928571428571,67.09949404761905,35.990744047619046,-83621559.95153846,13725696.900393274,-91915915.57647678,-75327204.32660013,-114656196.94411892,-52586922.958958,-81378540.85846153,12242820.440766448,-109060303.82480271,-53696777.89212035,,False,False,insufficient-history,44,11
2021-11-08,-87931824.66,4335477.16,2424599.2,256664.19,95447.73,135738.32,317,58.73059936908517,67.19182965299684,36.254258675078866,-83035801.4223077,13331186.358387388,-91091756.71268158,-74979846.13193382,-113178426.0420557,-52893176.802559696,-83621559.95153846,13725696.900393274,-114656196.94411892,-52586922.958958,,False,False,insufficient-history,45,11
2021-11-15,-68090613.22,5415829.24,3921783.8899999997,137094.2,127405.63,167565.43,312,56.83807692307692,67.42596153846155,35.064230769230775,-81903477.47615385,13962110.468195217,-90340696.39030364,-73466258.56200406,-113472659.9501112,-50334295.002196506,-83035801.4223077,13331186.358387388,-113178426.0420557,-52893176.802559696,,False,False,insufficient-history,46,11
2021-11-22,-77418967.51,8225941.93,2660510.84,132219.95,144484.1,175848.12,315,57.88057142857143,66.55346031746032,36.54679365079365,-80084889.33000001,12745610.02911853,-87786984.38611774,-72382794.27388228,-108903490.19035798,-51266288.46964204,-81903477.47615385,13962110.468195217,-113472659.9501112,-50334295.002196506,,False,False,insufficient-history,47,11
2021-11-29,-72810195.07,5961953.16,1425242.94,89728.09,91781.22,118754.81,310,58.60367741935484,65.95425806451613,38.31819354838709,-81141795.31076923,11351205.477875438,-88001260.12982327,-74282330.4917152,-106807562.52029878,-55476028.10123969,-80084889.33000001,12745610.02911853,-108903490.19035798,-51266288.46964204,,False,False,insufficient-history,48,11
2021-12-06,-53450640.730000004,7643313.75,2463082.0100000002,120514.23,206540.78999999998,265384.28,309,58.17592233009709,68.65919093851133,35.02760517799353,-79492153.38000001,13658364.821177669,-87745820.63668762,-71238486.1233124,-110374548.43895943,-48609758.321040586,-81141795.31076923,11351205.477875438,-106807562.52029878,-55476028.10123969,,False,False,insufficient-history,49,12
2021-12-13,-55380312.68,7942199.88,1639154.81,83325.56999999999,120266.51,184169.74,300,57.95056666666666,67.26456666666667,36.67203333333334,-77857494.98384616,15212570.678983709,-87050359.44068733,-68664630.52700499,-112254044.18439752,-43460945.7832948,-79492153.38000001,13658364.821177669,-110374548.43895943,-48609758.321040586,,False,False,insufficient-history,50,12
2021-12-20,-72874074.61,4373285.09,2085828.78,112017.82,93834.02,295236.58999999997,299,57.24638795986621,67.60147157190636,35.33157190635451,-76189151.20923077,14395195.044078125,-84888080.51332407,-67490221.90513746,-108737564.29691575,-43640738.12154578,-77857494.98384616,15212570.678983709,-112254044.18439752,-43460945.7832948,,False,False,insufficient-history,51,12
2021-12-27,-77951987.6,5642155.41,2853615.75,122784.23,215398.93,215529.22999999998,294,58.52078231292517,68.14030612244898,34.41357142857143,-76135288.23153846,14386518.342216134,-84828974.25717258,-67441602.20590433,-108664082.76764579,-43606493.69543113,-76189151.20923077,14395195.044078125,-108737564.29691575,-43640738.12154578,-96111179.094,True,False,normal,52,12
2022-01-03,-82511393.69,4337950.54,1821015.6300000001,205063.4,92684.66,232419.3,304,58.07819078947369,69.26338815789474,33.04042763157895,-77533198.20384616,14023049.358569091,-86007242.1208951,-69059154.28679721,-109240167.22191913,-45826229.18577318,-76135288.23153846,14386518.342216134,-108664082.76764579,-43606493.69543113,-96111179.094,True,False,normal,1,1
2022-01-10,-71997780.07,5264616.859999999,1533600.77,149518.89,82869.5,416822.73,305,59.5396393442623,68.67111475409835,35.11006557377049,-77056216.64769231,14103756.843781421,-85579031.60994235,-68533401.68544227,-108945670.20730263,-45166763.088081986,-77533198.20384616,14023049.358569091,-109240167.22191913,-45826229.18577318,-95457765.39,True,False,normal,2,1
2022-01-17,-83373465.92,5520854.09,2755559.29,98601.35,108276.19,71908.13,292,58.759383561643844,68.95075342465753,34.544041095890414,-76335655.11538461,13460263.507576495,-84469610.94636469,-68201699.28440453,-106770131.0340642,-45901179.19670501,-77056216.64769231,14103756.843781421,-108945670.20730263,-45166763.088081986,-95457765.39,True,False,normal,3,1
2022-01-24,-83487215.97,8424812.84,1229087.22,142181.35,214826.51,247057.96,335,57.18928358208955,67.60202985074626,34.48465671641791,-76329371.42461538,13456623.97288829,-84461127.90679501,-68197614.94243576,-106755618.13360967,-45903124.7156211,-76335655.11538461,13460263.507576495,-106770131.0340642,-45901179.19670501,-95448271.354,True,False,normal,4,1
2022-01-31,-76026243.95,6606697.15,4147397.52,126417.58,156734.46,268896.64,344,57.43255813953488,67.50889534883721,34.60395348837209,-74100362.74461538,10353232.017355805,-80356758.23714487,-67843967.25208588,-97509651.15381758,-50691074.33541317,-76329371.42461538,13456623.97288829,-106755618.13360967,-45903124.7156211,-95448271.354,True,False,normal,5,1
2022-02-07,-92470689.04,4914395.83,2601015.45,114053.64,156127.38,239777.09,317,59.56895899053628,68.51236593059936,35.922050473186125,-74449506.15846154,10919584.063125463,-81048144.76699561,-67850867.54992747,-99139351.05073477,-49759661.26618831,-74100362.74461538,10353232.017355805,-97509651.15381758,-50691074.33541317,-95448271.354,True,False,normal,6,2
2022-02-14,-73241966.17999999,4720705.63,1678450.1400000001,154774.43,136576.48,327150.64,325,57.40547692307692,66.97975384615384,35.27513846153846,-74845764.07846154,10761928.120027311,-81349132.15407254,-68342396.00285055,-99179139.27748126,-50512388.87944183,-74449506.15846154,10919584.063125463,-99139351.05073477,-49759661.26618831,-95448271.354,True,False,normal,7,2
2022-02-21,-74153110.11,4130456.91,2377858.7,146413.56999999998,199800.08,233542.97,283,57.94954063604241,67.94374558303888,35.08667844522969,-74594544.27846155,10734939.480906503,-81081603.28267707,-68107485.27424602,-98866896.52002297,-50322192.03690012,-74845764.07846154,10761928.120027311,-99179139.27748126,-50512388.87944183,-95448271.354,True,False,normal,8,2
2022-02-28,-72448863.12,6201145.29,1928309.32,85419.67,92694.15,100799.64,306,58.03199346405229,67.91712418300654,35.9221568627451,-74566749.51307693,10740410.87941536,-81057114.85032076,-68076384.1758331,-98851472.92003682,-50282026.10611704,-74594544.27846155,10734939.480906503,-98866896.52002297,-50322192.03690012,-95448271.354,True,False,normal,9,2
2022-03-07,-92618906.47,4816465.27,2027340.27,112201.97,146691.52,527326.82,336,59.190416666666664,67.58166666666666,36.34321428571428,-77579693.03153846,9773500.134598246,-83485760.05349183,-71673626.00958508,-99678172.33101228,-55481213.732064635,-74566749.51307693,10740410.87941536,-98851472.92003682,-50282026.10611704,-95448271.354,True,False,normal,10,3
2022-03-14,-42891084.230000004,5921807.38,888517.05,87890.7,142368.14,322185.37,302,57.94990066225165,69.18466887417219,34.72145695364238,-76618983.15076922,12398737.25422171,-84111465.08687693,-69126501.21466151,-104653283.53227693,-48584682.7692615,-77579693.03153846,9773500.134598246,-99678172.33101228,-55481213.732064635,-95448271.354,True,False,normal,11,3
2022-03-21,-77950517.24,6222470.63,2883979.31,138110.57,164009.98,232771.51,342,57.60850877192983,69.09076023391813,33.4654970760234,-77009478.7376923,12350811.513818562,-84472999.4387256,-69545958.03665899,-104935416.10005382,-49083541.37533078,-76618983.15076922,12398737.25422171,-104653283.53227693,-48584682.7692615,-95448271.354,True,False,normal,12,3
2022-03-28,-65444913.18,6488488.54,1148464.63,130413.39,158448.1,254336.38999999998,326,57.842944785276075,67.58171779141104,35.22138036809816,-76047396.09,12751890.562148793,-83753286.43424374,-68341505.74575627,-104880197.61820957,-47214594.56179044,-77009478.7376923,12350811.513818562,-104935416.10005382,-49083541.37533078,-95448271.354,True,False,normal,13,3
2022-04-04,-66648738.86,3664574.15,2935503.5,131470.32,101350.25,137548.59,304,57.737598684210525,66.00404605263158,36.20121710526316,-74827191.87230769,12840445.116035683,-82586595.19789408,-67067788.5467213,-103860220.64244628,-45794163.1021691,-76047396.09,12751890.562148793,-104880197.61820957,-47214594.56179044,-94380365.89600001,True,False,normal,14,4
2022-04-11,-90729569.55,6148221.62,2023371.5999999999,231372.51,149524.93,100123.84,317,57.592145110410094,67.9465615141956,35.39422712933754,-76268098.75538462,13529023.275899436,-84443605.69850841,-68092591.81226084,-106858044.69974542,-45678152.81102384,-74827191.87230769,12840445.116035683,-103860220.64244628,-45794163.1021691,-94380365.89600001,True,False,normal,15,4
2022-04-18,-80712034.74,3535668.28,1499443.42,72646.81,114853.31,242790.68,305,57.581934426229516,69.12918032786885,33.59649180327869,-76063373.28,13432333.848236565,-84180451.38675742,-67946295.17324258,-106434698.53716992,-45692048.022830084,-76268098.75538462,13529023.275899436,-106858044.69974542,-45678152.81102384,-94380365.89600001,True,False,normal,16,4
2022-04-25,-54903032.61,4620030.65,2161083.45,97967.57,172310.85,173583.4,264,57.22257575757576,66.91253787878787,36.26511363636364,-73864589.94461538,14419105.561380541,-82577968.22970554,-65151211.659525216,-106467066.16877863,-41262113.72045212,-76063373.28,13432333.848236565,-106434698.53716992,-45692048.022830084,-94380365.89600001,True,False,normal,17,4
2022-05-02,-67890564.35,4774198.59,2752241.3,134366.95,143651.22,208079.08000000002,315,58.81285714285714,68.04749206349206,36.3067619047619,-73238768.43692307,14493826.30862641,-81997300.01766853,-64480236.85617762,-106010192.82331213,-40467344.05053401,-73864589.94461538,14419105.561380541,-106467066.16877863,-41262113.72045212,-94380365.89600001,True,False,normal,18,5
2022-05-09,-63241911.72,10212777.16,1261751.36,249021.01,108397.68000000001,111192.84,317,57.44624605678233,67.27766561514196,35.927728706624606,-70990400.95076923,13494459.83334422,-79145021.41459398,-62835780.48694449,-101502196.84557703,-40478605.05596144,-73238768.43692307,14493826.30862641,-106010192.82331213,-40467344.05053401,-92728579.903,True,False,normal,19,5
2022-05-16,-84591781.17,7750109.359999999,2042014.71,208195.78999999998,121215.84,188905.27,318,59.13562893081761,69.0658176100629,34.377672955974845,-71863463.64230768,14009592.702228043,-80329375.78331457,-63397551.5013008,-103540006.34048529,-40186920.94413008,-70990400.95076923,13494459.83334422,-101502196.84557703,-40478605.05596144,-92728579.903,True,False,normal,20,5
2022-05-23,-58664393.24,6890995.89,2713447.74,175466.97,137820.22,257809.38,294,56.83721088435374,67.23867346938775,34.33238095238095,-70672023.88307692,14450326.863741197,-79404269.01235957,-61939778.753794275,-103345093.37417811,-37998954.39197573,-71863463.64230768,14009592.702228043,-103540006.34048529,-40186920.94413008,-92604084.727,True,False,normal,21,5
2022-05-30,-76776455.41,5328227.22,2410759.84,129587.59,83521.42,369059.92,340,58.08935294117647,67.95258823529412,35.40117647058823,-71004915.59769231,14544213.238154706,-79793895.6952154,-62215935.50016922,-103890267.90179874,-38119563.29358588,-70672023.88307692,14450326.863741197,-103345093.37417811,-37998954.39197573,-92604084.727,True,False,normal,22,5
2022-06-06,-71966677.11,5264573.1,2042043.98,133559.89,177668.45,340576.33,320,58.544968749999995,67.80090625,36.250875,-69416282.57,13036363.35641116,-77294078.10334669,-61538487.036653295,-98892294.4188414,-39940270.72115858,-71004915.59769231,14544213.238154706,-103890267.90179874,-38119563.29358588,-92604084.727,True,False,normal,23,6
2022-06-13,-70924684.34,4928710.86,2183216.57,117600.54,141010.28,138586.45,290,59.447448275862065,67.44789655172414,36.96862068965517,-71572713.34769231,10318259.888668394,-77807975.39436477,-65337451.30101984,-94902927.64309555,-48242499.05228907,-69416282.57,13036363.35641116,-98892294.4188414,-39940270.72115858,-92604084.727,True,False,normal,24,6
2022-06-20,-95595626.87,8283935.13,3724240.6,132826.88,230801.11,350472.23,333,57.95243243243243,68.3442942942943,33.808768768768765,-72930029.47307692,12213625.742511924,-80310649.64219873,-65549409.30395512,-100545781.44784427,-45314277.49830959,-71572713.34769231,10318259.888668394,-94902927.64309555,-48242499.05228907,-92604084.727,True,True,below-prior-52w-p10,25,6
2022-06-27,-93738649.18,7047772.26,2107585.21,116817.04000000001,147009.06,152717.41999999998,334,57.62110778443114,68.40383233532934,34.254041916167665,-75106470.70384616,13245954.979795925,-83110921.18761009,-67102020.22008222,-105056381.98348773,-45156559.42420459,-72930029.47307692,12213625.742511924,-100545781.44784427,-45314277.49830959,-92728579.903,True,True,below-prior-52w-p10,26,6
2022-07-04,-107706744.08,8323771.1,1830658.96,161938.34,144746.32,253278.79,315,58.17212698412699,68.4455238095238,34.43473015873016,-78264778.79769231,15724276.999742104,-87766864.28940693,-68762693.3059777,-113818327.1675238,-42711230.42786083,-75106470.70384616,13245954.979795925,-105056381.98348773,-45156559.42420459,-93638860.846,True,True,below-prior-52w-p10,27,7
2022-07-11,-67930867.19,7504572.33,3369660.31,100118.91,87686.92,297402.37,311,56.638038585209,68.22488745980706,33.9696463022508,-76511032.46230769,15487818.401023077,-85870227.45289999,-67151837.47171539,-111529933.53311503,-41492131.39150035,-78264778.79769231,15724276.999742104,-113818327.1675238,-42711230.42786083,-94480154.23,True,False,normal,28,7
2022-07-18,-80679437.01,5028570.46,3318582.52,198052.33,160640.78,193710.84,313,58.30936102236422,67.32316293929713,36.23562300319489,-76508524.94461538,15487084.18993466,-85867276.2558874,-67149773.63334335,-111525765.91941664,-41491283.969814114,-76511032.46230769,15487818.401023077,-111529933.53311503,-41492131.39150035,-94480154.23,True,False,normal,29,7
2022-07-25,-76740274.24,4481689.29,1041285.83,57563.86,125749.73,251525.82,273,58.27948717948718,67.97663003663003,35.45443223443223,-78188312.7623077,14067609.950776407,-86689284.37572846,-69687341.14888695,-109996035.9944191,-46380589.53019632,-76508524.94461538,15487084.18993466,-111525765.91941664,-41491283.969814114,-94480154.23,True,False,normal,30,7
2022-08-01,-80092749.11,5310709.95,3718537.8400000003,95354.08,163806.31,138354.74,313,57.93600638977636,68.95961661341853,34.58,-79126942.35923077,13726196.731076458,-87421600.028828,-70832284.68963355,-110162709.49944037,-48091175.21902117,-78188312.7623077,14067609.950776407,-109996035.9944191,-46380589.53019632,-94480154.23,True,False,normal,31,8
2022-08-08,-84673110.73,6462790.21,1359210.1099999999,98170.28,174320.09,163886.42,331,57.20374622356495,67.91601208459215,34.384924471299094,-80775496.12923077,12922838.380385054,-88584689.2061553,-72966303.05230623,-109994821.09024934,-51556171.16821219,-79126942.35923077,13726196.731076458,-110162709.49944037,-48091175.21902117,-94480154.23,True,False,normal,32,8
2022-08-15,-84589301.72,8614040.63,2624692.95,145898.13,172629.26,332251.52,307,58.68364820846906,68.01315960912052,35.25159609120521,-80775305.40230769,12922777.380674023,-88584461.61747576,-72966149.18713962,-109994492.43926294,-51556118.36535244,-80775496.12923077,12922838.380385054,-109994821.09024934,-51556171.16821219,-93638860.846,True,False,normal,33,8
2022-08-22,-66164079.88,5986511.35,1975586.64,120649.86,163960.23,177132.2,319,57.738056426332285,68.09752351097178,34.83241379310345,-81352204.37461539,11986961.721890185,-88595852.8469222,-74108555.90230857,-108455455.18821597,-54248953.5610148,-80775305.40230769,12922777.380674023,-109994492.43926294,-51556118.36535244,-93638860.846,True,False,normal,34,8
2022-08-29,-55666445.67,5150438.39,2221484.75,156661.88999999998,105309.21,207502.19,317,57.341072555205045,68.61681388012617,33.51520504731861,-79728357.47153847,13930746.311573569,-88146623.21552983,-71310091.72754711,-111226623.67636974,-48230091.2667072,-81352204.37461539,11986961.721890185,-108455455.18821597,-54248953.5610148,-92728579.903,True,False,normal,35,8
2022-09-05,-93461866.95,4644296.79,2075875.95,181485.5,94875.8,209140.34,314,58.584299363057326,69.76700636942675,34.48092356687898,-81381833.61307693,14205668.265904374,-89966233.03136334,-72797434.19479051,-113501715.10752623,-49261952.11862762,-79728357.47153847,13930746.311573569,-111226623.67636974,-48230091.2667072,-92728579.903,True,True,below-prior-52w-p10,36,9
2022-09-12,-70966365.37,4343904.13,2128372.63,237879.49,131719.33,211291.6,316,57.77604430379747,66.81006329113924,34.95712025316456,-81385039.84615384,14203115.869223626,-89967896.86656278,-72802182.8257449,-113499150.21619155,-49270929.476116136,-81381833.61307693,14205668.265904374,-113501715.10752623,-49261952.11862762,-93389756.839,True,False,normal,37,9
2022-09-19,-90306328.73,4528480.27,1241851.47,100113.20999999999,156026.72,219951.07,307,57.29599348534202,67.21061889250814,35.86442996742671,-80978170.75846153,13833047.882435627,-89337397.93259749,-72618943.58432558,-112255534.86228877,-49700806.6546343,-81385039.84615384,14203115.869223626,-113499150.21619155,-49270929.476116136,-93389756.839,True,False,normal,38,9
2022-09-26,-60902838.379999995,5859824.48,2153370.38,131067.64,178636.56,85081.98,315,58.37517460317461,66.17463492063492,37.46034920634921,-78452339.15846154,14298863.581423681,-87093055.94227812,-69811622.37464496,-110782940.93965037,-46121737.37727271,-80978170.75846153,13833047.882435627,-112255534.86228877,-49700806.6546343,-92728579.903,True,False,normal,39,9
2022-10-03,-71591054.25,7120219.71,2253633.8400000003,109109.13,152377.53,140702.09,304,57.98796052631579,67.4407894736842,36.06371710526316,-75674209.17153846,11344649.763245896,-82529712.41189033,-68818705.93118659,-101325153.51085374,-50023264.83222318,-78452339.15846154,14298863.581423681,-110782940.93965037,-46121737.37727271,-92728579.903,True,False,normal,40,10
2022-10-10,-72442833.31,6682718.11,2512955.36,93522.74,91834.83,187226.23,315,57.84184126984127,69.38685714285714,33.33336507936508,-76021283.48846154,11155452.315515872,-82762455.85540192,-69280111.12152116,-101244440.87074035,-50798126.10618272,-75674209.17153846,11344649.763245896,-101325153.51085374,-50023264.83222318,-92728579.903,True,False,normal,41,10
2022-10-17,-93765218.2,6298613.9,2125664.65,170253.68,209930.38,316140.45999999996,327,58.540642201834864,67.98556574923548,36.576941896024465,-77027882.04153846,12156294.983705513,-84373857.5798456,-69681906.50323132,-104514005.6775061,-49541758.40557082,-76021283.48846154,11155452.315515872,-101244440.87074035,-50798126.10618272,-92728579.903,True,True,below-prior-52w-p10,42,10
2022-10-24,-73097456.44,8451546.23,1505912.88,114922.0,67298.86,376810.24,332,56.990572289156624,69.42828313253011,31.8855421686747,-76747665.28769231,12205363.716256471,-84123292.76431605,-69372037.81106856,-104344736.31769437,-49150594.25769025,-77027882.04153846,12156294.983705513,-104514005.6775061,-49541758.40557082,-93377570.902,True,False,normal,43,10
2022-10-31,-56773911.24,5119872.06,1839784.76,113590.68,108524.3,225342.31,311,58.22173633440514,67.9610610932476,35.001993569131834,-74953908.52846155,13334115.966466235,-83011634.16327941,-66896182.89364368,-105103157.17057557,-44804659.88634752,-76747665.28769231,12205363.716256471,-104344736.31769437,-49150594.25769025,-93377570.902,True,False,normal,44,10
2022-11-07,-93059537.67,6312568.76,2468119.65,93996.85,162341.61,83824.3,336,57.97193452380952,66.97994047619048,36.55095238095238,-75599018.29307693,14028318.183093522,-84076246.12892054,-67121790.45723332,-107317900.44442686,-43880136.14172701,-74953908.52846155,13334115.966466235,-105103157.17057557,-44804659.88634752,-92604084.727,True,True,below-prior-52w-p10,45,11
2022-11-14,-83442639.55,5660537.58,2739785.86,99217.5,171994.36,243998.28,335,58.198776119402986,67.5144776119403,35.7445671641791,-75510813.51076923,13970566.052096548,-83953142.08313186,-67068484.9384066,-107099114.57512257,-43922512.4464159,-75599018.29307693,14028318.183093522,-107317900.44442686,-43880136.14172701,-93015474.55,True,False,normal,46,11
2022-11-21,-81383895.34,6778864.53,1728262.27,216225.29,130225.58,152674.76,300,58.20063333333333,67.3288,36.6837,-76681568.54615384,13758129.641575499,-84995523.08043784,-68367614.01186985,-107789537.94266024,-45573599.14964745,-75510813.51076923,13970566.052096548,-107099114.57512257,-43922512.4464159,-93015474.55,True,False,normal,47,11
2022-11-28,-87851109.71000001,7477085.65,2435463.29,108321.94,157661.28,255711.32,337,57.95528189910979,67.26243323442137,36.440000000000005,-79157311.93384615,12499586.212956758,-86710736.28579062,-71603887.58190167,-107419637.95573735,-50894985.91195493,-76681568.54615384,13758129.641575499,-107789537.94266024,-45573599.14964745,-93015474.55,True,False,normal,48,11
2022-12-05,-99531211.98,4481863.0200000005,2774561.48,142226.59,118494.51000000001,446838.18,324,57.940061728395065,67.48407407407407,35.24280864197531,-79624184.62846154,13173577.606182806,-87584897.9030839,-71663471.35383917,-109410446.2564417,-49837923.00048138,-79157311.93384615,12499586.212956758,-107419637.95573735,-50894985.91195493,-93015474.55,True,True,below-prior-52w-p10,49,12
2022-12-12,-65781091.7,7235565.79,1677040.0,167954.88,76074.11,236726.56,314,59.23888535031847,67.14630573248407,37.28299363057325,-79225317.42307693,13531207.494927483,-87402144.27654938,-71048490.56960447,-109820202.01974365,-48630432.826410204,-79624184.62846154,13173577.606182806,-109410446.2564417,-49837923.00048138,-93421634.022,True,False,normal,50,12
2022-12-19,-89567786.89,4570920.7,1943134.99,100706.87,181078.31,230737.45,324,57.6737037037037,66.50654320987654,36.95595679012346,-79168506.5123077,13482268.667602174,-87315759.92840578,-71021253.09620963,-109652737.43857026,-48684275.586045146,-79225317.42307693,13531207.494927483,-109820202.01974365,-48630432.826410204,-93421634.022,True,False,normal,51,12
2022-12-26,-90225409.24,4320788.86,2143450.44,64483.369999999995,214658.59,216553.62,301,56.58651162790698,67.65684385382059,33.77823920265781,-81424088.88615385,12595435.06171736,-89035434.11771782,-73812743.65458988,-109903134.99512179,-52945042.7771859,-79168506.5123077,13482268.667602174,-109652737.43857026,-48684275.586045146,-93421634.022,True,False,normal,52,12
2023-01-02,-99484633.61,7274130.64,1520689.37,132747.98,181357.7,272617.76,306,57.61885620915032,67.16924836601308,36.02091503267974,-83569748.8369231,13144657.920543112,-91512986.12041745,-75626511.55342874,-113290621.29360792,-53848876.38023826,-81424088.88615385,12595435.06171736,-109903134.99512179,-52945042.7771859,-93421634.022,True,True,below-prior-52w-p10,1,1
2023-01-09,-77653371.0,4820137.3,1793234.16,155076.51,152071.96,123766.58,318,58.27072327044025,65.24729559748428,38.1362893081761,-83970559.42846154,12853310.925754214,-91737737.4850494,-76203381.37187368,-113032678.57828197,-54908440.27864111,-83569748.8369231,13144657.920543112,-113290621.29360792,-53848876.38023826,-93710970.957,True,False,normal,2,1
2023-01-16,-92247418.19,9660791.91,2965791.35,126024.65,133252.76,220466.93,356,58.47623595505618,66.45106741573034,36.41095505617977,-83853805.58153845,12763506.122819155,-91566715.13884526,-76140896.02423164,-112712870.60015482,-54994740.5629221,-83970559.42846154,12853310.925754214,-113032678.57828197,-54908440.27864111,-93710970.957,True,False,normal,3,1
2023-01-23,-121571825.6,2746464.27,2335412.0,122739.96,230537.37,403955.16,338,58.539201183431956,67.79278106508876,35.61991124260355,-87582603.20923077,16023638.624174416,-97265591.12007353,-77899615.298388,-123813026.45187834,-51352179.966583185,-83853805.58153845,12763506.122819155,-112712870.60015482,-54994740.5629221,-93710970.957,True,True,below-prior-52w-p10,4,1
2023-01-30,-55361283.76,6422709.11,2117081.89,214387.76,221201.76,137330.56,312,57.92939102564103,67.81048076923076,35.07320512820513,-87473939.55692308,16253123.704975186,-97295603.91418545,-77652275.1996607,-124223242.54968816,-50724636.564157985,-87582603.20923077,16023638.624174416,-123813026.45187834,-51352179.966583185,-93762561.29800001,True,False,normal,5,1
2023-02-06,-91859127.74,13466629.1,3736237.16,160404.02,170070.66,264762.55,327,58.951743119266055,67.93553516819573,35.320214067278286,-87381600.33153845,16222126.05832906,-97184532.99840398,-77578667.66467293,-124060815.75656343,-50702384.90651348,-87473939.55692308,16253123.704975186,-124223242.54968816,-50724636.564157985,-93762561.29800001,True,False,normal,6,2
2023-02-13,-81631257.44,9518233.1,1464215.58,154599.42,192886.55000000002,202693.51,330,58.6180303030303,69.18039393939394,34.841181818181816,-87242263.24615385,16266497.074395653,-97072009.04967588,-77412517.44263181,-124021804.24201225,-50462722.250295445,-87381600.33153845,16222126.05832906,-124060815.75656343,-50702384.90651348,-93762561.29800001,True,False,normal,7,2
2023-02-20,-67506780.12,6969112.89,3662319.35,105757.04,156719.18,178305.14,312,58.92314102564103,67.15608974358975,36.685160256410256,-86174792.84461538,17116129.17396587,-96517966.1873975,-75831619.50183327,-124875403.78531937,-47474181.9039114,-87242263.24615385,16266497.074395653,-124021804.24201225,-50462722.250295445,-93762561.29800001,True,False,normal,8,2
2023-02-27,-76191749.94,11888543.07,1930373.71,156570.77,122859.51,265844.93,356,57.99533707865169,67.63623595505618,35.49446629213483,-85277919.01615384,17325166.347365215,-95747412.25858027,-74808425.77372742,-124451175.74245855,-46104662.28984913,-86174792.84461538,17116129.17396587,-124875403.78531937,-47474181.9039114,-93762561.29800001,True,False,normal,9,2
2023-03-06,-97646673.08,6336786.609999999,2998071.43,117122.31,111601.13,283788.58,313,58.31610223642172,68.60012779552716,34.558274760383384,-85132954.48538461,17203423.0921442,-95528879.01497492,-74737029.9557943,-124030942.29387057,-46234966.67689865,-85277919.01615384,17325166.347365215,-124451175.74245855,-46104662.28984913,-93762561.29800001,True,True,below-prior-52w-p10,10,3
2023-03-13,-77677996.71,13999164.09,3691048.11,93855.68000000001,280485.58,161320.27,318,57.257955974842766,66.9293710691824,34.6477358490566,-86048101.02461538,16385175.168855129,-95949563.2828632,-76146638.76636755,-123095980.42305176,-49000221.626178995,-85132954.48538461,17203423.0921442,-124030942.29387057,-46234966.67689865,-95412586.003,True,False,normal,11,3
2023-03-20,-79992142.49,8738433.14,3563040.52,158512.09,154139.49,203278.52,318,58.15544025157233,67.68682389937106,35.08358490566038,-85311512.99384615,16428939.72004597,-95239421.90569393,-75383604.08199836,-122458346.70908025,-48164679.27861205,-86048101.02461538,16385175.168855129,-123095980.42305176,-49000221.626178995,-95412586.003,True,False,normal,12,3
2023-03-27,-102402347.0,7430875.59,2196716.25,138366.83,186862.15999999997,115707.63,328,57.798323170731706,69.16274390243903,33.93859756097561,-86248200.51384616,17067183.347424336,-96561796.18966985,-75934604.83802247,-124838141.95849164,-47658259.06920068,-85311512.99384615,16428939.72004597,-122458346.70908025,-48164679.27861205,-95412586.003,True,True,below-prior-52w-p10,13,3
2023-04-03,-90595158.71000001,5455926.65,2132432.43,192017.6,159441.19,210963.22,321,58.2721183800623,68.82922118380063,35.05380062305296,-85564394.75230768,16666031.269400598,-95635576.65351884,-75493212.85109653,-123247306.90651843,-47881482.598096944,-86248200.51384616,17067183.347424336,-124838141.95849164,-47658259.06920068,-97441568.45899999,True,False,normal,14,4
2023-04-10,-79608771.71,5185719.46,1486552.79,180238.73,117666.96,145778.93,289,57.22051903114187,68.19671280276816,34.759515570934255,-85714810.19153847,16597364.765296038,-95744497.33960903,-75685123.04346791,-123242463.19614832,-48187157.186928615,-85564394.75230768,16666031.269400598,-123247306.90651843,-47881482.598096944,-97441568.45899999,True,False,normal,15,4
2023-04-17,-76276185.75,5667821.12,2831532.4,112469.75,110575.7,409641.87,325,58.36187692307693,66.81470769230769,37.17738461538461,-84486253.85,16664486.468280334,-94556502.237237,-74416005.46276298,-122165673.11475375,-46806834.585246235,-85714810.19153847,16597364.765296038,-123242463.19614832,-48187157.186928615,-97441568.45899999,True,False,normal,16,4
2023-04-24,-93037930.24,5907316.86,3366756.8,82799.19,166074.93,383815.97000000003,338,58.826804733727805,68.53349112426035,35.03609467455622,-82291338.82230769,12805023.01295797,-90029336.78523439,-74553340.85938099,-111244276.05913411,-53338401.58548127,-84486253.85,16664486.468280334,-122165673.11475375,-46806834.585246235,-97441568.45899999,True,False,normal,17,4
2023-05-01,-95170204.87,3173322.62,1893902.15,139703.29,199174.66,156511.06,297,57.87454545454546,68.85195286195285,34.065791245791246,-85353563.52307692,10353569.577002838,-91610163.00085959,-79096964.04529426,-108763615.17520842,-61943511.870945424,-82291338.82230769,12805023.01295797,-111244276.05913411,-53338401.58548127,-97441568.45899999,True,False,normal,18,5
2023-05-08,-92384724.57,6351300.64,2356785.34,117757.2,138005.29,120294.35,319,59.54006269592476,67.22652037617554,36.878965517241376,-85393994.04846153,10382077.688503016,-91667820.80560887,-79120167.29131418,-108868504.27768187,-61919483.81924118,-85353563.52307692,10353569.577002838,-108763615.17520842,-61943511.870945424,-97441568.45899999,True,False,normal,19,5
2023-05-15,-100159963.68,4129332.49,2273819.09,196432.51,115968.23,310163.61,346,58.02026011560693,68.1364739884393,35.195317919075144,-86819279.14384614,11071425.040374491,-93509674.33660914,-80128883.95108314,-111852445.73728468,-61786112.5504076,-85393994.04846153,10382077.688503016,-108868504.27768187,-61919483.81924118,-97441568.45899999,True,True,below-prior-52w-p10,20,5
2023-05-22,-105883431.91,4670856.14,2568102.85,219182.66999999998,172834.3,299136.96,340,58.326882352941176,67.48558823529412,36.464470588235294,-89771329.28153847,10599123.120333793,-96176315.28046691,-83366343.28261003,-113736592.45661274,-65806066.10646421,-86819279.14384614,11071425.040374491,-111852445.73728468,-61786112.5504076,-99300837.557,True,True,below-prior-52w-p10,21,5
2023-05-29,-104397977.4,6861744.11,2062353.94,84151.90000000001,272067.83,214089.49,321,57.40043613707165,67.22897196261682,35.53470404984424,-91941039.08615384,10473901.942673659,-98270354.6847504,-85611723.48755728,-115623169.5488662,-68258908.62344147,-89771329.28153847,10599123.120333793,-113736592.45661274,-65806066.10646421,-99526554.143,True,True,below-prior-52w-p10,22,5
2023-06-05,-66894182.58,5201789.05,1018919.13,109707.71,125454.75,211518.93,320,58.98778125,68.47746875,35.259437500000004,-89575462.89384614,12377650.77685071,-97055202.39920796,-82095723.38848431,-117562085.46522805,-61588840.32246423,-91941039.08615384,10473901.942673659,-115623169.5488662,-68258908.62344147,-100097088.51,True,False,normal,23,6
2023-06-12,-76700498.29,5754820.9799999995,3703335.38,215914.25,153638.29,268228.87,343,57.71236151603499,67.54478134110788,34.67921282798834,-89500270.70769231,12458652.872453218,-97028959.28953221,-81971582.1258524,-117670043.95265424,-61330497.46273038,-89575462.89384614,12377650.77685071,-117562085.46522805,-61588840.32246423,-100097088.51,True,False,normal,24,6
2023-06-19,-79540445.1,4082440.39,2710826.7600000002,107758.59,189441.39,285615.20999999996,313,58.979137380191695,66.02421725239617,38.039936102236425,-89465524.75461538,12487975.236304626,-97011932.66359128,-81919116.84563948,-117701597.65084432,-61229451.85838644,-89500270.70769231,12458652.872453218,-117670043.95265424,-61330497.46273038,-100097088.51,True,False,normal,25,6
2023-06-26,-90182364.0,5097427.84,1824946.83,175655.2,146636.31,172658.03,318,57.73194968553459,69.30059748427674,32.54823899371069,-88525526.06230769,11878061.102601841,-95703366.5490012,-81347685.57561417,-115382545.94042957,-61668506.1841858,-89465524.75461538,12487975.236304626,-117701597.65084432,-61229451.85838644,-100097088.51,True,False,normal,26,6
2023-07-03,-100267010.89,5967622.26,2163105.21,210898.62,123210.92,400648.85000000003,316,58.26920886075949,69.01908227848101,34.86629746835443,-89269514.69153847,12313418.714633806,-96710439.15017323,-81828590.2329037,-117110904.65661612,-61428124.726460814,-88525526.06230769,11878061.102601841,-115382545.94042957,-61668506.1841858,-100097088.51,True,True,below-prior-52w-p10,27,7
2023-07-10,-66819241.91,6383962.83,1934701.01,62064.12,116286.12,214681.19,315,58.34171428571428,67.38060317460317,36.57196825396825,-88285704.70692308,13593949.914076649,-96500446.424826,-80070962.98902017,-119022453.7361546,-57548955.677691564,-89269514.69153847,12313418.714633806,-117110904.65661612,-61428124.726460814,-100097088.51,True,False,normal,28,7
2023-07-17,-80980892.57000001,6002080.75,1982232.23,147065.15,101901.01,185295.81,307,58.48322475570032,67.62892508143322,36.04762214983714,-88647605.23153846,13307187.250097277,-96689058.0059174,-80606152.45715952,-118735966.4051872,-58559244.057889715,-88285704.70692308,13593949.914076649,-119022453.7361546,-57548955.677691564,-100097088.51,True,False,normal,29,7
2023-07-24,-84291151.96,6760620.17,2166945.3,131954.93,116306.14,298563.19,308,57.637889610389614,67.29964285714286,34.46944805194805,-87974776.13307692,13287818.464645283,-96004524.46754816,-79945027.79860568,-118019343.30268696,-57930208.96346688,-88647605.23153846,13307187.250097277,-118735966.4051872,-58559244.057889715,-100097088.51,True,False,normal,30,7
2023-07-31,-86212407.13,7428049.02,2020569.6099999999,115721.18,121917.51,424866.27,314,58.21089171974523,67.10003184713376,36.512324840764336,-87285714.76846154,13114726.811402429,-95210864.86372325,-79360564.67319983,-116938911.16368973,-57632518.373233356,-87974776.13307692,13287818.464645283,-118019343.30268696,-57930208.96346688,-100097088.51,True,False,normal,31,7
2023-08-07,-84287101.09,10637857.38,1711082.74,94802.25,209600.39,261878.97999999998,313,58.68210862619808,68.14891373801917,34.28942492012779,-86662820.65461539,13044476.906233946,-94545519.15704986,-78780122.15218091,-116157177.73396122,-57168463.57526956,-87285714.76846154,13114726.811402429,-116938911.16368973,-57632518.373233356,-100097088.51,True,False,normal,32,8
2023-08-14,-87265570.24,5224978.399999999,2128408.68,140553.95,107887.49,325488.23,336,58.22625,67.38175595238096,36.76958333333333,-85670944.23615384,12407327.55780074,-93168617.24076085,-78173271.23154683,-113724667.81745723,-57617220.654850446,-86662820.65461539,13044476.906233946,-116157177.73396122,-57168463.57526956,-100097088.51,True,False,normal,33,8
2023-08-21,-88029538.8,5734111.62,1509590.04,256799.25,166298.38,271707.09,300,57.118900000000004,67.01923333333333,34.280300000000004,-84297567.84307693,10877344.653560782,-90870681.4318718,-77724454.25428206,-108891906.85669541,-59703228.829458445,-85670944.23615384,12407327.55780074,-113724667.81745723,-57617220.654850446,-100097088.51,True,False,normal,34,8
2023-08-28,-54923298.44,6232231.68,1753295.81,275460.52999999997,171947.7,207292.4,287,57.90609756097561,69.12477351916377,33.94006968641115,-80491823.3076923,11868490.391455058,-87663880.27152276,-73319766.34386185,-107327203.224772,-53656443.3906126,-84297567.84307693,10877344.653560782,-108891906.85669541,-59703228.829458445,-100097088.51,True,False,normal,35,8
2023-09-04,-50969589.55,8175148.21,2113749.49,75069.89,263577.08,313782.72000000003,305,57.66809836065574,69.60363934426229,32.585540983606556,-79266854.61307693,14016335.98939978,-87736841.68173881,-70796867.54441504,-110958644.29441541,-47575064.93173844,-80491823.3076923,11868490.391455058,-107327203.224772,-53656443.3906126,-100097088.51,True,False,normal,36,9
2023-09-11,-77632802.46,4697904.78,3891295.95,160786.7,137458.05,424893.9,295,57.024915254237285,66.75294915254237,36.01698305084746,-79338570.31846154,14004490.873834353,-87801399.45542559,-70875741.18149748,-111003577.47178881,-47673563.165134266,-79266854.61307693,14016335.98939978,-110958644.29441541,-47575064.93173844,-100097088.51,True,False,normal,37,9
2023-09-18,-104457278.29,5703772.8,2280432.34,233128.55,166776.12,208335.66,333,56.974114114114116,68.90381381381381,31.908108108108106,-81255249.79461539,15643583.161501352,-90708572.4879113,-71801927.10131948,-116626344.47954378,-45884155.109687,-79338570.31846154,14004490.873834353,-111003577.47178881,-47673563.165134266,-100097088.51,True,True,below-prior-52w-p10,38,9
2023-09-25,-102071275.55,4965245.3,1871332.39,114108.41,129261.67,126866.18000000001,311,57.9411575562701,67.93398713826367,35.53032154340836,-82169781.45230769,16531286.257161453,-92159537.7575503,-72180025.14706507,-119548026.92389025,-44791535.980725124,-81255249.79461539,15643583.161501352,-116626344.47954378,-45884155.109687,-100256306.169,True,True,below-prior-52w-p10,39,9
2023-10-02,-76456078.76,5938884.63,2017623.51,262448.43,133427.0,216249.37,306,58.30215686274509,67.68823529411765,35.62911764705883,-80338171.28846154,15654939.166362768,-89798356.34681495,-70877986.23010813,-115734942.59229806,-44941399.98462502,-82169781.45230769,16531286.257161453,-119548026.92389025,-44791535.980725124,-101890849.08399999,True,False,normal,40,10
2023-10-09,-78400405.18,5909843.18,1739034.6,169024.07,227096.33,327338.94,348,58.34281609195402,67.56617816091953,35.41899425287356,-81229030.00153846,15142659.79876844,-90379647.73628122,-72078412.2667957,-115467506.44228332,-46990553.56079359,-80338171.28846154,15654939.166362768,-115734942.59229806,-44941399.98462502,-101890849.08399999,True,False,normal,41,10
2023-10-16,-84075345.3,4086155.6100000003,2293082.93,125156.06,152043.66,183098.66,282,58.498404255319144,66.83939716312057,37.394503546099294,-81467064.82692307,15162742.442285229,-90629818.38168472,-72304311.27216142,-115750949.34828621,-47183180.30555994,-81229030.00153846,15142659.79876844,-115467506.44228332,-46990553.56079359,-101890849.08399999,True,False,normal,42,10
2023-10-23,-87626699.29,7745723.8,2097165.13,109232.42,202146.38,369755.24,333,58.37819819819819,67.61087087087087,35.543663663663665,-81723645.39076923,15242525.196583467,-90934611.18143329,-72512679.60010517,-116187923.58072948,-47259367.20080898,-81467064.82692307,15162742.442285229,-115750949.34828621,-47183180.30555994,-101890849.08399999,True,False,normal,43,10
2023-10-30,-93772868.86,9595267.6,3039482.91,139554.79,221057.75,302702.87,325,58.012123076923075,68.61473846153847,35.50243076923077,-82305219.36999999,15568806.229307061,-91713354.81541608,-72897083.9245839,-117507238.85511085,-47103199.884889126,-81723645.39076923,15242525.196583467,-116187923.58072948,-47259367.20080898,-101890849.08399999,True,False,normal,44,10
2023-11-06,-72432837.38,7707874.01,2038485.05,170670.29,239201.8,266985.31,351,57.44538461538462,66.88698005698006,35.8854415954416,-81393352.93076923,15788654.403911872,-90934341.298474,-71852364.56306447,-117092462.53391603,-45694243.32762244,-82305219.36999999,15568806.229307061,-117507238.85511085,-47103199.884889126,-101890849.08399999,True,False,normal,45,11
2023-11-13,-81490858.03999999,7108609.15,1918777.6099999999,239061.48,129634.97,132551.62,305,58.46937704918033,68.72118032786885,34.78370491803279,-80949144.30000001,15690604.111893518,-90430881.46923879,-71467407.13076124,-116426556.21873131,-45471732.38126872,-81393352.93076923,15788654.403911872,-117092462.53391603,-45694243.32762244,-101890849.08399999,True,False,normal,46,11
2023-11-20,-53628797.54,14373110.4,1839298.17,113034.42,87074.81,95993.86,294,58.07469387755102,69.01506802721089,33.66197278911565,-78302933.43384615,17222994.402443223,-88710684.78788435,-67895182.07980794,-117245173.16738969,-39360693.70030259,-80949144.30000001,15690604.111893518,-116426556.21873131,-45471732.38126872,-101890849.08399999,True,False,normal,47,11
2023-11-27,-81304654.91,5571117.97,3244969.34,192360.43,207599.35,341442.61,308,58.734383116883116,69.21165584415584,34.6475,-80332268.54692307,15728013.279386895,-89836611.8498303,-70827925.24401584,-115894264.87268132,-44770272.221164815,-78302933.43384615,17222994.402443223,-117245173.16738969,-39360693.70030259,-101890849.08399999,True,False,normal,48,11
2023-12-04,-88023904.46,5140644.78,2223052.98,92266.56999999999,93330.75,142628.51,308,57.21639610389611,65.97048701298701,35.55058441558442,-83182600.46307692,13101596.815282505,-91099816.18109258,-75265384.74506126,-112806109.13707295,-53559091.78908088,-80332268.54692307,15728013.279386895,-115894264.87268132,-44770272.221164815,-101890849.08399999,True,False,normal,49,12
2023-12-11,-109462097.25,3230118.58,2854453.56,139171.13999999998,290001.37,319746.34,325,57.79187692307693,67.16436923076922,35.240153846153845,-85631007.75461538,14837179.32923132,-94597025.48913947,-76664990.0200913,-119178774.24094358,-52083241.26828718,-83182600.46307692,13101596.815282505,-112806109.13707295,-53559091.78908088,-101890849.08399999,True,True,below-prior-52w-p10,50,12
2023-12-18,-71191619.39,6744064.43,1347308.45,134585.21000000002,160132.23,291439.22,280,58.78053571428571,67.24103571428572,35.67003571428572,-83072110.91615383,14173469.259081023,-91637052.66935404,-74507169.16295363,-115119188.49430394,-51025033.338003725,-85631007.75461538,14837179.32923132,-119178774.24094358,-52083241.26828718,-102369239.855,True,False,normal,51,12
2023-12-25,-72970592.01,5616233.4,1675543.66,144118.2,199292.4,313778.38,354,57.18279661016949,68.69937853107345,34.00463276836158,-80833596.79769231,13186410.007161405,-88802064.61461666,-72865128.98076797,-110648873.26615775,-51018320.32922689,-83072110.91615383,14173469.259081023,-115119188.49430394,-51025033.338003725,-102369239.855,True,False,normal,52,12
2024-01-01,-92356514.9,7892613.1,3909854.14,153845.66,146783.53,201829.38,306,58.83493464052288,68.63068627450981,36.30490196078431,-82056707.27,13480677.202291785,-90202998.97323605,-73910415.56676394,-112537339.79622847,-51576074.74377152,-80833596.79769231,13186410.007161405,-110648873.26615775,-51018320.32922689,-102369239.855,True,False,normal,1,1
2024-01-08,-63914329.77,6171871.9,1537200.31,309335.99,196960.44,334723.6,331,57.8861329305136,68.49184290030212,34.85670694864048,-80942393.77692308,14377004.732896522,-89630330.78598295,-72254456.7678632,-113449677.46269865,-48435110.0911475,-82056707.27,13480677.202291785,-112537339.79622847,-51576074.74377152,-102369239.855,True,False,normal,2,1
2024-01-15,-61482374.72,8877459.54,2347144.47,230208.49,214062.8,240102.37,336,57.99261904761905,67.29699404761905,36.17696428571429,-79204472.96307692,15302481.671581386,-88451670.08897002,-69957275.83718382,-113804316.39612962,-44604629.530024216,-80942393.77692308,14377004.732896522,-113449677.46269865,-48435110.0911475,-102369239.855,True,False,normal,3,1
2024-01-22,-76095946.32,5281261.12,1409992.69,127633.88,146485.48,279567.08999999997,307,56.87214983713355,68.0528338762215,33.50557003257329,-78317491.96538462,15106546.115631294,-87446286.4198204,-69188697.51094884,-112474313.16816527,-44160670.762603976,-79204472.96307692,15302481.671581386,-113804316.39612962,-44604629.530024216,-102369239.855,True,False,normal,4,1
2024-01-29,-88431486.78,5695532.46,3720081.27,126134.2,153601.17,163111.0,322,57.546521739130434,67.07645962732919,35.71903726708075,-77906616.42076923,14718815.62096816,-86801107.68224458,-69012125.15929388,-111186755.35086474,-44626477.49067372,-78317491.96538462,15106546.115631294,-112474313.16816527,-44160670.762603976,-101890849.08399999,True,False,normal,5,1
2024-02-05,-51915027.78,5558487.61,2381088.82,92663.0,178977.16999999998,206012.08,290,57.856655172413795,67.55975862068965,34.67165517241379,-76328323.37461539,16362914.640222479,-86216333.73004049,-66440313.01919028,-113325870.36148894,-39330776.38774184,-77906616.42076923,14718815.62096816,-111186755.35086474,-44626477.49067372,-101890849.08399999,True,False,normal,6,2
2024-02-12,-68646937.13,7293168.04,1325472.49,161673.09,108325.96,202201.08,307,57.74302931596091,69.13553745928338,33.21768729641694,-75340329.45846154,16412906.306287117,-85258549.4753437,-65422109.441579364,-112450910.64827788,-38229748.26864519,-76328323.37461539,16362914.640222479,-113325870.36148894,-39330776.38774184,-101890849.08399999,True,False,normal,7,2
2024-02-19,-78832787.66,4395926.89,2968215.3,102612.47,119214.51999999999,486105.76,318,57.39641509433962,70.5593396226415,31.18867924528302,-77279097.92923076,15068023.16631813,-86384613.19838047,-68173582.66008106,-111348816.39642766,-43209379.462033875,-75340329.45846154,16412906.306287117,-112450910.64827788,-38229748.26864519,-101890849.08399999,True,False,normal,8,2
2024-02-26,-78721503.12,6383891.06,1789160.92,141072.49,245199.79,340593.64,323,57.101052631578945,66.861826625387,35.52708978328173,-77080393.9453846,15027491.492998712,-86161416.16947986,-67999371.72128935,-111058467.82962891,-43102320.06114029,-77279097.92923076,15068023.16631813,-111348816.39642766,-43209379.462033875,-101890849.08399999,True,False,normal,9,2
2024-03-04,-77510392.76,5098906.6,1881966.79,168278.75,129972.20999999999,336610.88,314,57.43633757961783,67.82197452229299,34.69079617834395,-76271662.27615383,14668071.543310886,-85135489.1983972,-67407835.35391046,-109437065.75485149,-43106258.797456175,-77080393.9453846,15027491.492998712,-111058467.82962891,-43102320.06114029,-101890849.08399999,True,False,normal,10,3
2024-03-11,-92208628.77,4043040.2399999998,3457006.04,110809.86,148061.85,246014.19,318,57.65905660377359,68.24283018867925,34.40616352201258,-74944472.39307691,11941912.08885209,-82160897.64459556,-67728047.14155826,-101945863.24152365,-47943081.54463017,-76271662.27615383,14668071.543310886,-109437065.75485149,-43106258.797456175,-101890849.08399999,True,False,normal,11,3
2024-03-18,-100837434.83,5221445.31,1874438.6199999999,133694.0,104542.85,329914.27,328,57.299420731707315,68.50405487804879,34.65426829268293,-77224919.73461539,13844574.897602132,-85591112.61430195,-68858726.85492882,-108528347.12207016,-45921492.347160615,-74944472.39307691,11941912.08885209,-101945863.24152365,-47943081.54463017,-101890849.08399999,True,False,normal,12,3
2024-03-25,-91500492.42999999,9035424.67,2368111.79,123384.41,178072.12,199332.47,312,57.95227564102564,66.55592948717948,37.34003205128205,-78650296.69,14315922.451045904,-87301322.04555853,-69999271.33444147,-111019469.61479424,-46281123.765205756,-77224919.73461539,13844574.897602132,-108528347.12207016,-45921492.347160615,-101947891.478,True,False,normal,13,3
2024-04-01,-60872101.48,4749421.17,1690603.01,98519.72,138335.91,261393.68,280,58.76103571428572,68.49503571428572,34.893857142857144,-76228418.73461539,14466340.322731178,-84970340.7003175,-67486496.76891327,-108937695.63218607,-43519141.8370447,-78650296.69,14315922.451045904,-111019469.61479424,-46281123.765205756,-100780392.436,True,False,normal,14,4
2024-04-08,-104971676.32,8306590.54,1959358.47,141031.68,172848.44,179788.05,325,57.21916923076923,68.30661538461538,34.05716923076923,-79386676.16153847,15958718.693128625,-89030433.35068105,-69742918.97239588,-115470311.48454812,-43303040.83852882,-76228418.73461539,14466340.322731178,-108937695.63218607,-43519141.8370447,-100780392.436,True,True,below-prior-52w-p10,15,4
2024-04-15,-68476475.22,4415218.26,3514545.87,128868.72,159955.0,261943.8,311,57.65996784565916,67.48771704180065,35.15675241157556,-79924683.89230768,15413397.911809959,-89238907.03135794,-70610460.75325742,-114775315.70259586,-45074052.08201951,-79386676.16153847,15958718.693128625,-115470311.48454812,-43303040.83852882,-101947891.478,True,False,normal,16,4
2024-04-22,-92252990.66,4952268.65,2116186.09,103829.78,156725.56,378254.62,329,57.750182370820674,68.61416413373861,34.200820668693005,-81167533.45692308,15727155.822257297,-90671358.60367273,-71663708.31017344,-116727591.01986682,-45607475.89397934,-79924683.89230768,15413397.911809959,-114775315.70259586,-45074052.08201951,-101947891.478,True,False,normal,17,4
2024-04-29,-66166443.559999995,7993787.39,1574074.01,210876.02000000002,126795.6,291695.01,298,58.25161073825503,67.82842281879195,35.25375838926175,-79454837.82461537,16078597.578329679,-89171037.09906659,-69738638.55016416,-115809526.61123337,-43100149.03799738,-81167533.45692308,15727155.822257297,-116727591.01986682,-45607475.89397934,-101947891.478,True,False,normal,18,4
2024-05-06,-63053780.7,8247836.26,1501371.96,133954.12,133600.36,192289.56,301,58.963222591362126,67.4482392026578,35.42843853820598,-80311664.9723077,14728841.187300218,-89212214.62288365,-71411115.32173175,-113614472.31873342,-47008857.62588197,-79454837.82461537,16078597.578329679,-115809526.61123337,-43100149.03799738,-101947891.478,True,False,normal,19,5
2024-05-13,-92700214.03,6351150.91,2456970.75,98796.75,128323.69,271279.05,320,58.5696875,68.0458125,35.1265,-82161917.04153846,14651993.036820034,-91016027.81955099,-73307806.26352593,-115290966.03740384,-49032868.04567309,-80311664.9723077,14728841.187300218,-113614472.31873342,-47008857.62588197,-101947891.478,True,False,normal,20,5
2024-05-20,-75393529.0,4495531.96,2174790.08,110002.79,151549.21,234960.77999999997,288,56.718298611111116,68.39100694444444,34.107326388888886,-81897358.68307692,14747849.812285282,-90809395.13076863,-72985322.23538521,-115243145.6887812,-48551571.67737264,-82161917.04153846,14651993.036820034,-115290966.03740384,-49032868.04567309,-101947891.478,True,False,normal,21,5
2024-05-27,-87098458.04,8973203.98,1560914.98,127502.43,159222.9,166130.87,339,57.72631268436579,67.85802359882005,35.65047197640118,-82541739.83076923,14780494.785262942,-91473503.43819702,-73609976.22334144,-115961339.10942012,-49122140.55211834,-81897358.68307692,14747849.812285282,-115243145.6887812,-48551571.67737264,-100780392.436,True,False,normal,22,5
2024-06-03,-102409317.76,6869944.12,1947143.4,131186.29,139563.65,255058.93,317,57.757287066246064,69.27488958990536,34.12384858044164,-84457041.75384615,15661187.571133442,-93921002.68541262,-74993080.82227969,-119867941.08158177,-49046142.42611053,-82541739.83076923,14780494.785262942,-115961339.10942012,-49122140.55211834,-99617596.68699999,True,True,below-prior-52w-p10,23,6
2024-06-10,-81635746.46,5480639.7,2123662.76,168631.0,78424.51,258764.08,325,56.71670769230769,69.47326153846154,31.94356923076923,-83643743.11461538,15498782.878905088,-93009563.87287945,-74277922.35635132,-118687435.53797485,-48600050.69125591,-84457041.75384615,15661187.571133442,-119867941.08158177,-49046142.42611053,-100780392.436,True,False,normal,24,6
2024-06-17,-87225482.67,7262567.04,1737661.0999999999,109962.44,123697.0,161202.97,307,58.164820846905535,67.69228013029316,36.18885993485342,-82596669.87153846,14678500.040522527,-91466798.67157607,-73726541.07150085,-115785652.81783547,-49407686.925241455,-83643743.11461538,15498782.878905088,-118687435.53797485,-48600050.69125591,-100780392.436,True,False,normal,25,6
2024-06-24,-82616127.07000001,8004233.18,1984298.77,218771.37,185877.03,184993.33000000002,313,57.26971246006389,69.15348242811501,32.23252396166134,-81913257.15153846,14434192.609360158,-90635752.44847739,-73190761.85459954,-114549846.11043096,-49276668.19264596,-82596669.87153846,14678500.040522527,-115785652.81783547,-49407686.925241455,-100780392.436,True,False,normal,26,6
2024-07-01,-79181007.4,5978885.47,2321921.16,161521.15,210490.41999999998,212745.58,317,58.05744479495268,70.23018927444795,32.9896214511041,-83321634.53,13035528.704269629,-91198925.68810548,-75444343.37189452,-112795759.17949443,-53847509.88050558,-81913257.15153846,14434192.609360158,-114549846.11043096,-49276668.19264596,-100780392.436,True,False,normal,27,7
2024-07-08,-99756360.3,5530479.76,3132783.04,225753.46000000002,207377.37,123494.52,333,57.67795795795795,66.61765765765766,35.39594594594595,-82920456.37461537,12377344.000106784,-90400010.4966462,-75440902.25258455,-110906385.30508749,-54934527.44414325,-83321634.53,13035528.704269629,-112795759.17949443,-53847509.88050558,-100130978.233,True,False,normal,28,7
2024-07-15,-85854000.13,5853113.2,3255077.14,101945.67,137859.87,275000.98,297,56.99185185185185,67.6874074074074,34.54902356902357,-84257189.06,11601478.769950494,-91267892.51582119,-77246485.60417882,-110488839.43195496,-58025538.68804504,-82920456.37461537,12377344.000106784,-110906385.30508749,-54934527.44414325,-100729327.377,True,False,normal,29,7
2024-07-22,-90005078.63,3342219.76,2349365.05,117906.75,109882.85,322291.76,278,57.915683453237406,66.7563309352518,36.35791366906475,-84084272.75,11488575.507956676,-91026749.44742866,-77141796.05257134,-110060641.96743989,-58107903.5325601,-84257189.06,11601478.769950494,-110488839.43195496,-58025538.68804504,-100729327.377,True,False,normal,30,7
2024-07-29,-68287938.76,4392666.64,1366741.02,135744.03,234371.46,405648.34,307,57.22908794788273,68.40879478827361,33.56938110749186,-84247464.68846154,11224889.606553495,-91030597.59042451,-77464331.78649858,-109627624.01656061,-58867305.36036247,-84084272.75,11488575.507956676,-110060641.96743989,-58107903.5325601,-100729327.377,True,False,normal,31,7
2024-08-05,-79462516.26,6110740.72,2378887.62,162412.87,75618.75,229682.6,324,56.92885802469136,68.53141975308642,34.41947530864198,-85509675.11615385,9420677.494581368,-91202533.55058947,-79816816.68171823,-106810400.92921825,-64208949.303089455,-84247464.68846154,11224889.606553495,-109627624.01656061,-58867305.36036247,-100729327.377,True,False,normal,32,8
2024-08-12,-99913474.7,3903176.23,2637727.5700000003,196265.83,195595.56,188987.93,324,58.53734567901234,67.43746913580247,36.154074074074074,-86064541.32153846,10069562.931124838,-92149517.30086762,-79979565.34220931,-108832436.64293739,-63296646.000139534,-85509675.11615385,9420677.494581368,-106810400.92921825,-64208949.303089455,-100729327.377,True,False,normal,33,8
2024-08-19,-95987898.02,3711485.42,1611914.37,91446.39,183806.71,187610.1,311,57.823536977491955,67.56948553054663,34.435884244372986,-87648723.55384615,9868850.16182233,-93612410.02058133,-81685037.08711097,-109962795.07450965,-65334652.03318265,-86064541.32153846,10069562.931124838,-108832436.64293739,-63296646.000139534,-100745038.817,True,False,normal,34,8
2024-08-26,-59181856.25,9453958.54,1501663.68,167348.2,166323.62,248988.22,329,58.15337386018237,68.37063829787233,34.924741641337384,-85501292.64692308,12645292.967006044,-93142766.70911619,-77859818.58472997,-114093070.5175694,-56909514.77627676,-87648723.55384615,9868850.16182233,-109962795.07450965,-65334652.03318265,-100745038.817,True,False,normal,35,8
2024-09-02,-89368128.04,5829825.83,1586066.99,154587.36000000002,87028.21,197667.61,300,57.17986666666666,67.09873333333333,36.34856666666666,-84498124.20692308,11672009.979157062,-91551449.24590042,-77444799.16794574,-110889249.94033025,-58106998.47351591,-85501292.64692308,12645292.967006044,-114093070.5175694,-56909514.77627676,-100745038.817,True,False,normal,36,9
2024-09-09,-65115017.94,7401975.71,2186658.0300000003,112022.23,197993.9,220905.43,303,58.17577557755775,66.68250825082508,35.57874587458746,-83227298.93615386,12849599.365792567,-90992234.11950412,-75462363.7528036,-112281026.02275725,-54173571.84955047,-84498124.20692308,11672009.979157062,-110889249.94033025,-58106998.47351591,-100745038.817,True,False,normal,37,9
2024-09-16,-81956337.26,10394721.66,2333437.65,104714.43,116385.63,281834.76,334,58.85988023952096,67.48793413173654,36.477904191616766,-82821980.05846153,12795964.96506223,-90554504.29782723,-75089455.81909584,-111754436.49709274,-53889523.619830325,-83227298.93615386,12849599.365792567,-112281026.02275725,-54173571.84955047,-100745038.817,True,False,normal,38,9
2024-09-23,-65124357.55,8283801.350000001,1628935.13,227877.19,190862.09,228886.87,334,58.59374251497007,68.0975748502994,37.12769461077844,-81476459.32615384,13706654.591567427,-89759307.79903513,-73193610.85327256,-112468040.4982394,-50484878.15406829,-82821980.05846153,12795964.96506223,-111754436.49709274,-53889523.619830325,-99897763.26,True,False,normal,39,9
2024-09-30,-80252046.04,6674427.79,2526868.98,114981.28,174805.98,187071.0,319,57.375078369905964,69.62131661442007,32.46664576802508,-81558846.91384616,13694921.227626042,-89834604.98586017,-73283088.84183216,-112523898.23515144,-50593795.59254089,-81476459.32615384,13706654.591567427,-112468040.4982394,-50484878.15406829,-99379514.072,True,False,normal,40,9
2024-10-07,-76120101.23,6430891.68,1958690.67,104703.86,112895.99,251260.78999999998,307,58.84123778501628,67.9514657980456,35.85312703583062,-79740673.13923076,12603128.064009227,-87356667.20555301,-72124679.0729085,-108237113.59511192,-51244232.683349594,-81558846.91384616,13694921.227626042,-112523898.23515144,-50593795.59254089,-99379514.072,True,False,normal,41,10
2024-10-14,-83705565.2,4376939.09,2407969.57,151409.17,179290.48,256142.22,310,58.3421935483871,69.0464193548387,34.290129032258065,-79575408.91384615,12530158.906603403,-87147308.15965997,-72003509.66803233,-107906861.65885347,-51243956.168838836,-79740673.13923076,12603128.064009227,-108237113.59511192,-51244232.683349594,-99379514.072,True,False,normal,42,10
2024-10-21,-85069332.04,4665995.7,1275354.34,216528.11,60017.73,253103.4,304,58.36881578947368,67.99171052631579,34.98358552631579,-79195736.09923077,12259655.374522729,-86604171.69659299,-71787300.50186855,-106915563.87654015,-51475908.32192138,-79575408.91384615,12530158.906603403,-107906861.65885347,-51243956.168838836,-99379514.072,True,False,normal,43,10
2024-10-28,-60756312.08,10109545.84,2866291.97,104091.46,182626.84,343709.92,289,58.54948096885813,67.57986159169549,34.89259515570934,-78616380.20076923,12975164.166751912,-86457193.43393289,-70775566.96760558,-107954016.95295087,-49278743.4485876,-79195736.09923077,12259655.374522729,-106915563.87654015,-51475908.32192138,-99379514.072,True,False,normal,44,10
2024-11-04,-69161833.52,4522885.95,2718221.8000000003,164172.24,194408.86000000002,181984.92,315,57.99193650793651,68.06593650793651,35.59511111111111,-77824019.99,13231179.329558184,-85819541.63768727,-69828498.34231272,-107740522.62418003,-47907517.355819955,-78616380.20076923,12975164.166751912,-107954016.95295087,-49278743.4485876,-99379514.072,True,False,normal,45,11
2024-11-11,-42787350.68,6401450.54,1043801.58,91923.75,146576.08,266416.33999999997,306,58.05790849673203,68.59800653594772,34.83241830065359,-73429702.7576923,14689460.941914126,-82306455.16415016,-64552950.35123445,-106643468.96987872,-40215936.545505896,-77824019.99,13231179.329558184,-107740522.62418003,-47907517.355819955,-99379514.072,True,False,normal,46,11
2024-11-18,-86550353.42999999,5926267.43,2176456.96,135817.17,152686.7,242975.31,314,58.256656050955414,67.79426751592356,35.76576433121019,-72703737.78923076,13680250.749955634,-80970630.58031447,-64436844.998147056,-103635618.26665737,-41771857.31180416,-73429702.7576923,14689460.941914126,-106643468.96987872,-40215936.545505896,-99379514.072,True,False,normal,47,11
2024-11-25,-97283550.27,9550892.18,1612222.48,182472.53,355104.88,132421.84,335,58.61650746268656,67.70188059701493,36.19725373134328,-75634637.32923077,14592934.336898273,-84453059.2920631,-66816215.36639844,-108630151.00615193,-42639123.65230961,-72703737.78923076,13680250.749955634,-103635618.26665737,-41771857.31180416,-99379514.072,True,False,normal,48,11
2024-12-02,-94396721.25,4722217.68,2917394.9699999997,224331.6,105165.0,308321.83,339,58.5287610619469,68.01545722713865,35.51061946902655,-76021452.19153847,15046889.717616536,-85114196.64545128,-66928707.73762565,-110043386.64356914,-41999517.739507794,-75634637.32923077,14592934.336898273,-108630151.00615193,-42639123.65230961,-99509079.29699999,True,False,normal,49,12
2024-12-09,-85345456.46,5502470.72,2062807.26,74134.99,134308.65,240180.38,323,58.077275541795665,67.15068111455108,36.11613003095975,-77577639.77,14870023.179966459,-86563504.84488621,-68591774.69511378,-111199668.20400201,-43955611.335997984,-76021452.19153847,15046889.717616536,-110043386.64356914,-41999517.739507794,-99509079.29699999,True,False,normal,50,12
2024-12-16,-76409041.82,6595481.68,1645247.9200000002,118096.34,140751.93,504738.91,345,57.99173913043479,68.80733333333333,34.53486956521739,-77150924.73615384,14813385.240977315,-86102563.84705086,-68199285.62525682,-110644891.33917621,-43656958.133131474,-77577639.77,14870023.179966459,-111199668.20400201,-43955611.335997984,-97153985.045,True,False,normal,51,12
2024-12-23,-60306785.45,7799923.36,1448904.24,134906.47,127442.51,287561.74,308,56.830357142857146,67.54113636363635,33.555487012987015,-76780342.26692308,15194675.574618831,-85962392.82042478,-67598291.71342139,-111136429.54616447,-42424254.9876817,-77150924.73615384,14813385.240977315,-110644891.33917621,-43656958.133131474,-97153985.045,True,False,normal,52,12
2024-12-30,-7155276.21,2594527.6,291586.9,37495.130000000005,31734.58,25844.989999999998,88,58.58227272727272,67.60386363636364,37.256477272727274,-71157513.81846155,24486602.611202084,-85954619.68330358,-56360407.953619525,-126523214.28052373,-15791813.356399372,-76780342.26692308,15194675.574618831,-111136429.54616447,-42424254.9876817,-97153985.045,True,False,normal,1,12
